County,Project Name,Address,City,Management ,Contact Phone,Total Units,Single Room Occupancy,Studio,1 Bedroom,2 Bedrooms,3 Bedrooms,4 Bedrooms
Multnomah,Fairview Arms,305 7th St,Fairview,Affinity Property Management,503-667-5337,44,,,11,22,11,
Multnomah,Fairview Oaks,22701 NE Halsey St,Fairview,Quantum Residential,503-492-1459,328,,,44,186,88,10
Multnomah,King's Garden,2700 NE 205th Ave,Fairview,ILP Corp.,503-666-2181,152,,,,76,76,
Multnomah,Aldercrest Apts,21900 SE Alder Dr,Gresham,JDL Development,503-666-5705,68,,,24,44,,
Multnomah,Alderwood,18242 SE Yamhill St,Gresham,Home Forward,503-280-3750,20,,,,13,7,
Multnomah,Alpha Apts,18088 SE Market St,Gresham,Central City Concern,503-525-8483,22,,,15,7,,
Multnomah,Ava House,97 NW Ava Ave,Gresham,Cascadia Behavioral Healthcare,503-232-6971,6,,,,,,
Multnomah,Berry Ridge Apts,2711 W Powell Blvd,Gresham,GSL Properties,503-224-2554,248,,,120,128,,
Multnomah,Bristol Woods,1201 NE 8th St,Gresham,WPL Associates,503-666-4717,156,,,,132,24,
Multnomah,Cedar Meadows,645 SE Kane Dr,Gresham,Affinity Property Management,503-328-9447,19,,,,5,13,1
Multnomah,The Cedars,3181 SE Powell Valley Rd,Gresham,Affinity Property Management,503-328-9447,22,,,,7,13,2
Multnomah,Central Station Apts,777 NE 8th St,Gresham,Quad Inc.,503-287-4260,23,,,17,6,,
Multnomah,Coburn Woods Apts,17308 NE Couch St,Gresham,Cascadia Behavioral Healthcare,503-232-6971,10,,,9,1,,
Multnomah,East Fair Terrace,500 NW Division St,Gresham,Guardian Real Estate Services,503-661-3001,100,,,94,6,,
Multnomah,Gresham Station,1957 NW Florence Ave,Gresham,GSL Properties,503-665-2231,253,,3,155,95,,
Multnomah,Gresham Village Square,1625 SE Roberts Ave,Gresham,Income Property Management,503-666-9255,72,,,,62,10,
Multnomah,Kelly Place Apts,1215 NE Kelly Ave,Gresham,Cascade Management Inc.,503-408-8886,20,,,2,5,8,5
Multnomah,Mattie Younkin Manor,2400 NE 27th St,Gresham,Cascade Management Inc.,503-655-3113,35,,9,26,,,
Multnomah,Mt. Hood Community Apts,208 NE Cleveland Ave,Gresham,Cascadia Behavioral,503-232-6971,15,,,14,1,,
Multnomah,The Pines Apts,110 SE 188th Ave,Gresham,Affinity Property Management,503-666-5310,66,,,4,50,12,
Multnomah,Powell Vista Manor,4125 SE 182nd Ave,Gresham,Cascade Management Inc.,503-661-4633,70,,6,64,,,
Multnomah,Raintree Apts,800 SE 187th Ave,Gresham,Human Solutions,503-548-0200,77,,20,57,,,
Multnomah,Rockwood Station,19100 E Burnside St,Gresham,Quantum Residential,503-666-6555,195,,,78,117,,
Multnomah,Stark Manor,600 SE 217th Ave,Gresham,Home Forward,503-280-3750,30,,,,18,12,
Multnomah,Tillicum North,3001 NE Division St,Gresham,Home Forward,503-280-3750,18,,,,,18,
Multnomah,Tillicum South,3045 SE Powell Valley Rd,Gresham,Home Forward,503-280-3750,12,,,,12,,
Multnomah,Village Square,1625 SE Roberts Dr,Gresham,Income Property Management,503-666-9255,72,,,,64,8,
Multnomah,Willow Tree Apts,311 NE Division St,Gresham,Cascade Management Inc.,503-408-8886,15,,,1,11,3,
Multnomah,1200 Building,1220 SW 12th Ave,Portland,Harsch Investment Corp.,503-248-0260,89,,,89,,,
Multnomah,12th Avenue Terrace,1515 SW 12th Ave,Portland,REACH Community Development Inc.,503-226-9181,119,,118,1,,,
Multnomah,3033 NE Rodney,3033 NE Rodney Ave,Portland,Mentor Oregon,503-258-2440,5,,,,5,,
Multnomah,333 Oak Apts,333 SW Oak St,Portland,Cascade Management Inc.,503-227-2358,90,,72,18,,,
Multnomah,72nd & Foster,7104 SE Foster,Portland,REACH Community Development Inc.,503-226-9181,101,,,,,,
Multnomah,93rd Avenue,6119 SE 93rd Ave,Portland,Rose Community Development Corp.,503-777-8845,20,,,,10,10,
Multnomah,A. Phillips Square,626 NE Brazee,Portland,Cascade Management Inc.,503-287-2162,18,,8,10,,,
Multnomah,Abigail Apts,1650 NW 13th Ave,Portland,Guardian Real Estate Services,503-224-0789,155,,35,33,51,36,
Multnomah,Admiral Apts,910 SW Park Ave,Portland,REACH Community Development Inc.,503-546-9191,37,,14,23,,,
Multnomah,Ainsworth Court,1515 N Ainsworth St,Portland,Income Property Management,503-286-9770,88,,,64,24,,
Multnomah,Alberta Simmons Plaza,6611 NE Martin Luther King Jr Blvd,Portland,Manor Management,503-240-4198,74,,,73,1,,
Multnomah,Alberta St Apts,5010 NE 19th Ave,Portland,Cascade Management Inc.,503-281-7131,24,,8,16,,,
Multnomah,Albina Corner,409 NE San Rafael St,Portland,REACH Community Development Inc.,503-281-7227,48,,,29,16,3,
Multnomah,Albina Plaza,4012 N Borthwick Ave,Portland,Cascade Management Inc.,503-493-1140,8,,,4,4,,
Multnomah,Alder House,523 SW 13th Ave,Portland,Income Property Management,503-222-1182,132,131,,1,,,
Multnomah,Allen Fremont Plaza,221 NE Fremont St,Portland,REACH Community Development Inc.,503-282-8668,64,,,64,,,
Multnomah,Ankeny Square,204 SW 8th Ave,Portland,Central City Concern,503-525-8483,106,106,,,,,
Multnomah,Ankeny Woods,12016 SE Ankeny St,Portland,Human Solutions,844-233-3197,42,,,,,,
Multnomah,Arbor Glen Apts,2609 SE 145th Ave,Portland,Human Solutions,503-298-6025,96,,,4,52,40,
Multnomah,Ash Street Courtyard,12026 SE Ash St,Portland,Cascade Management Inc.,503-252-5041,47,,,23,24,,
Multnomah,Ashcreek Commons,11230 SW 62nd Ave,Portland,Cascade Management Inc.,503-244-1707,21,,,,,17,4
Multnomah,Avenue Plaza,5025 NE 8th Ave,Portland,Cascade Management Inc.,503-281-7131,22,,4,18,,,
Multnomah,Barbara Maher,2322 N Williams Ave,Portland,Guardian Real Estate Services,503-823-4935,33,,33,,,,
Multnomah,Beacon Manor,3123 SE 8th Ave,Portland,REACH Community Development Inc.,503-235-9029,19,,11,8,,,
Multnomah,Beatrice Morrow,3368 NE MLK Blvd,Portland,PCRI,503-288-2923,80,,,,,,
Multnomah,Beech Street,3650 NE Malloy St,Portland,Income Property Management,503-223-6327,32,,,,,,
Multnomah,Bel Park,1001 N Blandena St,Portland,Home Forward,503-280-3750,10,,2,8,,,
Multnomah,Bellrose Station,7901 SE 92nd Ave,Portland,Cascade Management Inc.,503-771-3808,40,,,,31,9,
Multnomah,The Belmont Dairy,3340 SE Morrison St,Portland,Guardian Real Estate Services,503-235-4312,81,,,,,,
Multnomah,Betty Campbell Building,3917 N Mississippi Ave,Portland,PCRI,503-288-2923,9,,9,,,,
Multnomah,Beyer Court,9305 SE Harold St,Portland,Cascade Management Inc.,503-777-8845,14,,,,14,,
Multnomah,Biltmore Hotel,310 NW 6th Ave,Portland,Central City Concern,503-525-8483,75,75,,,,,
Multnomah,Blackburn Center,25 NE 122nd Ave,Portland,Central City Concern,503-525-8483,124,,,,,,
Multnomah,The Bookmark,2034 NE 40th Ave,Portland,Guardian Real Estate Services,503-335-8400,48,,1,36,11,,
Multnomah,Briarwood East,3302 SE 122nd Ave,Portland,Human Solutions,503-298-6025,22,,,,7,15,
Multnomah,Bridgeview Apts,6816 N Trumbull Ave,Portland,Cascade Management Inc.,503-929-5924,13,,,13,,,
Multnomah,Broadway Vantage,8238 NE Broadway,Portland,Income Property Management,503-252-3136,58,,2,10,30,12,4
Multnomah,Bronaugh Apts,1434 SW Morrison St,Portland,REACH Community Development Inc.,503-227-0754,50,,11,39,,,
Multnomah,Buckman Heights,430 NE 16th Ave,Portland,Summit Real Estate,503-232-4040,144,,60,64,20,,
Multnomah,Bud Clark Commons,655 NW Hoyt St,Portland,Home Forward,503-280-4002,130,,130,,,,
Multnomah,Bukas Place,2705 N Killingsworth St,Portland,UBA Building Services,503-289-6072,7,,,,6,1,
Multnomah,Burlwood Apts,14992 SE Division St,Portland,Income Property Management,503-760-3830,35,,,8,18,9,
Multnomah,Burnside Station Apts,240 SE 160th Ave,Portland,Quad Inc.,503-287-4260,21,,,15,5,1,
Multnomah,Butte Hotel,610 NW Davis St,Portland,Central City Concern,503-525-8384,37,37,,,,,
Multnomah,Camar Apts,2164 NW Lovejoy St,Portland,Northwest Housing Alternatives,503-654-1007,12,,,12,,,
Multnomah,Cambridge Court,5224 N Vancouver Ave,Portland,Central City Concern,503-525-8483,20,,,,20,,
Multnomah,Camelia Court,2601 N Lombard St,Portland,Home Forward,503-280-3750,14,,,14,,,
Multnomah,Candalaria Plaza,901 SE 162nd Ave,Portland,PHC Northwest,503-261-1266,32,,,8,16,8,
Multnomah,Caritas Plaza,2830 N Williams Ave,Portland,Cascade Management Inc.,503-288-3186,30,,9,18,3,,
Multnomah,Caritas Sacred Heart Villa,3911 SE Milwaukie Ave,Portland,Cascade Management Inc.,503-232-1466,68,,6,45,17,,
Multnomah,Caritas Villa,16060 E Burnside St,Portland,Cascade Management Inc.,503-257-8947,30,,3,24,3,,
Multnomah,Carlton Court,5241 NE Killingsworth St,Portland,Home Forward,503-280-3750,24,,,,14,10,
Multnomah,Carol Ann Apts,5109 NE Killingsworth St,Portland,WCR Co Inc.,503-282-4696,60,,32,28,,,
Multnomah,Carolyn Gardens,13907 SE Division St,Portland,Human Solutions,844-233-3197,12,,,,,4,8
Multnomah,Cascade Crossing,10535 E Burnside St,Portland,Human Solutions,844-210-6442,74,,,16,32,26,
Multnomah,Cascadian Terrace,5700 N Kerby Ave,Portland,Guardian Real Estate Services,503-283-3541,102,,86,15,1,,
Multnomah,Cathedral Gardens,8510 N Swift Way,Portland,Cascade Gardens Partners,503-286-8652,98,,,,52,46,
Multnomah,Cedar Place,130 NE Lombard St,Portland,PCRI,503-288-2923,5,,,,5,,
Multnomah,Ceel Ocks,7622 N Glouchester St,Portland,Income Property Management,503-247-7222,4,,,,,4,
Multnomah,Celilo Court,4605 NE 95th Ave,Portland,Home Forward,503-280-3750,28,,,,17,11,
Multnomah,Center Village,5845 NE Hoyt St,Portland,Steadfast Management,503-231-7777,60,,,,32,26,2
Multnomah,Central Chalet Apts,9020 N Central St,Portland,PHC Northwest,503-285-1070,20,,,11,9,,
Multnomah,Charlotte B Rutherford Place,6905 N Interstate,Portland,Central City Concern,503-525-8483,51,,,34,17,,
Multnomah,Chateau Apts,1910 SE Stark St,Portland,Home Forward,503-280-3750,10,,,,10,,
Multnomah,Chaucer Court,1019 SW 10th Ave,Portland,Manor Management,503-224-3559,83,,29,54,,,
Multnomah,Clark Center Annex,1437 SE Martin Luther King Jr Blvd,Portland,Transitions Project,503-280-4700,22,,,,,,
Multnomah,The Clifford,527 SE Morrison St,Portland,Cascade Management Inc.,503-232-5460,90,34,56,,,,
Multnomah,Clinton Ridge Apts,2730 SE 92nd Ave,Portland,Cascadia Behavioral Healthcare,503-963-7767,29,,,29,,,
Multnomah,Collins Circle,1730 SW Jefferson St,Portland,Guardian Real Estate Services,503-525-2324,52,,24,24,4,,
Multnomah,Columbia Knoll,8320 NE Sandy Blvd,Portland,Legacy Senior Living LLC,503-433-3645,362,,,183,143,36,
Multnomah,Columbia View,4629 NE 118th Ave,Portland,Human Solutions,844-233-3197,7,,,,,7,
Multnomah,The Commons,5800 NE Center Commons Wy,Portland,Steadfast Management,503-231-7777,172,,,148,24,,
Multnomah,Converse Court Apts,325 NW 18th Ave,Portland,Circum Pacific Properties,503-241-2748,18,,,18,,,
Multnomah,Cora Park Apts,4207 SE 37th Ave,Portland,Home Forward,503-280-3750,10,,,,6,4,
Multnomah,Country Squire,6724 SE 72nd Ave,Portland,Cascade Management Inc.,503-774-3893,32,,,8,16,8,
Multnomah,Cygnet,14135 SE Division St,Portland,Human Solutions,503-548-0200,20,,,2,5,8,5
Multnomah,D Street Salal Apartments,SE 171st Ave and SE Division,Portland,PHC Northwest,503-261-1266,78,,12,24,42,,
Multnomah,Dahlke Manor,915 NE Schuyler St,Portland,Home Forward,503-280-3750,115,,,115,,,
Multnomah,Dawson Park Apts,101 N Morris St,Portland,Income Property Management,503-287-4742,67,,,59,8,,
Multnomah,Dekum Court,7003 NE 27th Ave,Portland,Home Forward,503-280-3750,40,,,,16,24,
Multnomah,Demar Downs,2700 SE 148th Ave,Portland,Home Forward,503-280-3810,18,,,,18,,
Multnomah,Douglas Meadows,2645 SE 127th Ave,Portland,Human Solutions,844-277-5320,8,,,,,6,2
Multnomah,Dresden Apts,2545 E Burnside,Portland,REACH Community Development Inc.,503-235-3778,30,,11,16,3,,
Multnomah,East County Project,17527 SE Pine St,Portland,Cascade Management Inc.,503-256-0845,7,,,3,4,,
Multnomah,Eastgate Station,100 NE 120th Ave,Portland,Cascade Management Inc.,503-257-0000,61,,,16,8,29,8
Multnomah,Eastport Apts,3709 SE 91st Ave,Portland,ColumbiaCare Services Inc.,541-858-8170,7,,,,7,,
Multnomah,Eastwood Court,18208 SE Yamhill St,Portland,Home Forward,503-280-3750,31,,,,19,12,
Multnomah,El Moro Apts,2016 SE 122nd Ave,Portland,Kathy McIrvin,503-252-3095,17,,,16,1,,
Multnomah,Eliot Square,2417 NE Rodney Ave,Portland,Home Forward,503-280-3750,30,,,,11,15,4
Multnomah,Emerson Corner,5305 NE 11th Ave,Portland,Cascadia Behavioral Healthcare,503-963-7767,5,5,,,,,
Multnomah,Emerson Plaza,5312 NE 13th Ave,Portland,Cascade Management Inc.,503-281-7131,16,,8,8,,,
Multnomah,Emilie House,5520 NE Glisan,Portland,Providence Supportive Housing,503-236-9779,40,,,,,,
Multnomah,Endelea Court,5507 NE 27th Ave,Portland,Sabin Community Development Corp.,503-287-3496,26,,,,13,13,
Multnomah,Erickson-Fritz Apts,9 NW 2nd Ave,Portland,Income Property Management,503-223-6327,62,,39,23,,,
Multnomah,Esperanza Court,3611 SE 28th Ave,Portland,Cascade Management Inc.,503-236-6468,70,,,28,42,,
Multnomah,Estate Building,225 NW Couch St,Portland,Central City Concern,503-525-8483,191,,191,,,,
Multnomah,Estates Plaza,5421 NE 14th Pl,Portland,Cascade Management Inc.,503-281-7131,9,,2,5,2,,
Multnomah,Fairfield Apts,1117 SW Stark St,Portland,Income Property Management,503-224-8036,81,,81,,,,
Multnomah,Family Scattered Site Project,4716 N Mississippi,Portland,PCRI,503-288-2923,30,,,,,16,14
Multnomah,Fanno Creek,4105 SW Beaverton-Hillsdale Hwy,Portland,Cascadia Behavioral Healthcare,503-228-0373,24,,,24,,,
Multnomah,Fenwick Apts,8428 N Fenwick Ave,Portland,Income Property Management,503-335-3330,27,,,8,10,9,
Multnomah,Fern Grove Apts,14232 E Burnside,Portland,PHC Northwest,503-261-1266 x170,33,,,,,33,
Multnomah,Fifth Avenue Place Apts,314 NW 5th Ave,Portland,Pinnacle Realty Management,503-243-3311,70,,50,15,5,,
Multnomah,Fir Acres,19401 SE Yamhill St,Portland,Home Forward,503-280-3750,31,,,,18,13,
Multnomah,Fir Grove Apts,4820 SE 122nd Ave,Portland,REACH Community Development Inc.,503-760-0907,30,,,30,,,
Multnomah,Firland Apts,8012 SE Raymond St,Portland,Cascade Management Inc.,503-761-0016,19,,,2,17,,
Multnomah,Floresta,12608 SE Foster Rd,Portland,Home Forward,503-280-3750,20,,,,8,12,
Multnomah,Floyd Light Apts,1031 SE 106th Ave,Portland,REACH Community Development Inc.,503-688-5378,50,,,27,23,,
Multnomah,Fountain Place,929 SW Salmon St,Portland,Cascade Management Inc.,503-223-9300,70,,52,15,3,,
Multnomah,Fremont Manor,221 NE Fremont St,Portland,Norris & Stevens Inc.,503-287-3704,28,,,18,9,1,
Multnomah,Gallagher Plaza,2140 NW Kearney St,Portland,Home Forward,503-280-3820,85,,,85,,,
Multnomah,Garden Park Estates,3140 SE 136th Ave,Portland,Pacificap Management,503-762-2151,63,,,,62,1,
Multnomah,Garlington Center,3024 NE Martin Luther King Jr Blvd,Portland,Cascadia Behavioral Healthcare,,51,,6,40,5,,
Multnomah,Garlington Plaza,501 NE Albert St,Portland,Cascadia Behavioral Healthcare,503-283-3763,5,5,,,,,
Multnomah,Gateway Park Apts,510 NE 100th Ave,Portland,Income Property Management,503-252-1162,144,,,60,48,36,
Multnomah,Gilman Court,610 NE 99th,Portland,REACH Community Development Inc.,971-277-7196,60,,,60,,,
Multnomah,Gladstone Square,12020 SE Gladstone St,Portland,Quantum Residential,503-760-3010,48,,,,36,12,
Multnomah,Glisan Commons,555 NE 100th Ave,Portland,Human Solutions,844-236-0592,67,,4,63,,,
Multnomah,Glisan Street Project,2375 NW Glisan,Portland,Cascadia Behavioral Healthcare,503-963-7797,5,5,,,,,
Multnomah,Golden West,707 NW Everett,Portland,Central City Concern,503-525-8483,68,,,,,,
Multnomah,Good Shepherd,5717 NE Simpson St,Portland,Good Shepherd Lutheran Home of the West,559-791-2028,5,,5,,,,
Multnomah,Grace Peck Terrace,1839 NE 14th Ave,Portland,Quantum Residential,503-281-7094,95,,,95,,,
Multnomah,Grand Avenue Duplexes,4936 NE 10th Ave,Portland,Infinity Property Management,503-693-6300,3,,,,3,,
Multnomah,Grand Oak,418 SE Grand Ave,Portland,REACH Community Development Inc.,503-235-2941,42,,3,39,,,
Multnomah,Gray's Landing,0650 SW Lowell St,Portland,REACH Community Development Inc.,971-277-7195,42,,,22,20,,
Multnomah,Green Leaf Springs,4545 NE 125th Pl,Portland,Green Leaf Partners,888-846-6130,8,,,8,,,
Multnomah,Green Tree Court,2405 SE 142nd Ave,Portland,Human Solutions,844-218-8956,11,,,,11,,
Multnomah,Greenview Terrace,620 SE 148th Ave,Portland,Cascade Management Inc.,503-254-5826,31,,,20,11,,
Multnomah,Gretchen Kafoury Commons,1240 SW Columbia St,Portland,Cascade Management Inc.,503-226-0600,129,,87,37,5,,
Multnomah,Halsey Terrace,12428 NE Halsey,Portland,Portland Habitation Center,503-261-1266,15,,,,,,
Multnomah,Halsey Street Project,18940 NE Halsey St,Portland,Eastco Diversified Services Inc.,503-666-1016,6,,5,1,,,
Multnomah,Hamilton West Apts,1212 SW Clay St,Portland,Cascade Management Inc.,503-525-0500,152,,129,23,,,
Multnomah,Harmony House,2270 SE 39th Ave,Portland,Cascadia Behavioral Healthcare,503-232-6971,5,5,,,,,
Multnomah,Harold Lee Village,4023 SE 112th Ave,Portland,Home Forward,503-280-3750,10,,,,,10,
Multnomah,Haven House,3423 SE 69th Ave,Portland,Cascade Management Inc.,503-236-6468,3,,,,,3,
Multnomah,Hawthorne East,1420 SE 16th Ave,Portland,Cascade Management Inc.,503-230-0306,71,,,71,,,
Multnomah,Hazel Heights,12621 SE Stark,Portland,Central City Concern,503-525-8483,153,,,,,,
Multnomah,Hazelwood Station,36 NE 147th Ave,Portland,Affinity Property Management,503-257-8400,60,,,18,16,19,7
Multnomah,Helen Swindells Apts,10 NW Broadway,Portland,Income Property Management,503-228-9474,105,105,,,,,
Multnomah,The Henry,309 SW Fourth Ave,Portland,Central City Concern,503-525-8483,153,,,,,,
Multnomah,Hill Park Apts.,110 SW Arthur,Portland,Central City Concern,503-525-8483,39,,14,25,,,
Multnomah,Holgate House,4601 SE Cesar E Chavez Blvd,Portland,Home Forward,503-280-3750,80,,,80,,,
Multnomah,Holgate Plaza,4333 SE 104th Ave,Portland,PHC Northwest,503-760-1998,48,,8,40,,,
Multnomah,Holgate Project,12012 SE Holgate Blvd,Portland,Cascade Management Inc.,503-253-6351,10,,,10,,,
Multnomah,Holladay Court,2310 NE Weidler St,Portland,KBC Management,503-810-9473,28,,12,16,,,
Multnomah,Hollywood East,4400 NE Broadway,Portland,Home Forward,503-280-3770,286,,269,13,4,,
Multnomah,Hopewell Apts,1264 SW Cheltenhem St,Portland,Cascadia Behavioral Healthcare,503-244-6157,12,,,8,4,,
Multnomah,Hotel Alder,415 SW Alder St,Portland,Central City Concern,503-525-8483,99,99,,,,,
Multnomah,Howard House,2644 SE Powell Blvd,Portland,Cascade Management Inc.,503-236-6468,12,,,12,,,
Multnomah,Humboldt Gardens,5033 N Vancouver Ave,Portland,Home Forward,503-280-3850,130,,,62,46,15,7
Multnomah,Hunter's Run,12725 SE Powell Blvd,Portland,Home Forward,503-280-3750,10,,,,,10,
Multnomah,Imperial Arms Apts,1429 SW 14th Ave,Portland,Circum Pacific Properties,503-223-8005,58,,28,20,10,,
Multnomah,Interstate Crossing,6847 N Interstate Ave,Portland,Central City Concern,503-525-8483,12,,,,12,,
Multnomah,Irish Moss,14050 E Burnside St.,Portland,PHC Northwest,503-261-1266,27,,,,,27,
Multnomah,Ivon Court,2629 SE 125th Ave,Portland,Human Solutions,844-277-5320,8,,,,,,
Multnomah,James Hawthorne,1510 SW 13th Ave,Portland,Home Forward,503.280.3750,48,48,,,,,
Multnomah,Jeffrey Apts,1201 SW 11th Ave,Portland,Income Property Management,503-954-2228,80,,50,30,,,
Multnomah,Jim & Salle's Place,7531 SE Steele St,Portland,Cascade Management Inc.,503-761-0016,17,,,5,12,,
Multnomah,Johnson Creek Commons,7940 SE 72nd Ave,Portland,Cascade Management Inc.,503-774-3893,15,,,1,14,,
Multnomah,Kah San Chako Haws,9707 SE Holgate Blvd,Portland,Guardian Real Estate Services,503-943-5849,9,,3,3,3,,
Multnomah,Kateri Park,3640 SE 28th Ave,Portland,Cascade Management Inc.,503-233-4701,50,,,8,8,24,10
Multnomah,Kearney House,850 NW 20th Ave,Portland,Cambridge Real Estate Services,503-450-0230,32,,,,7,25,
Multnomah,Kenilworth Park Plaza,3214 SE Holgate Blvd,Portland,Oddfellows Holgate Center,503-872-1110,77,,20,57,,,
Multnomah,Kernlodge,3921 SE 69th Ave,Portland,Cascadia Behavioral Healthcare,503-232-6971,5,5,,,,,
Multnomah,Killingsworth Home,29th & Killingsworth,Portland,Cascadia Behavioral Healthcare,503-232-6971,5,5,,,,,
Multnomah,King Dishman Court,101 NE Knott,Portland,Cascade Management Inc.,503-287-2162,14,,,4,6,4,
Multnomah,Kirkland Union Manor I,3530 SE 84th Ave,Portland,Manor Management,503-777-8101,282,,99,182,1,,
Multnomah,Kramer Apts,303 N Beach St,Portland,Cascadia Behavioral Healthcare,503-232-6971,4,,,4,,,
Multnomah,L. Roy Gardens,3940 N Haight Ave,Portland,Cascade Management Inc.,503-287-2162,18,,,7,7,4,
Multnomah,La Hacienda Apartments,7906 SE 72nd Ave,Portland,PHC Northwest,503-261-1266,38,,1,1,35,1,
Multnomah,La Tourelle Apts,15514 SE Division St,Portland,La Tourelle Village/Concord Village,503-761-8249,75,,,,58,17,
Multnomah,Lafayette Court Apts,8728 SE Lafayette St,Portland,Cascadia Behavioral Healthcare,503-963-7767,5,5,,,,,
Multnomah,Laurelhurst Apts,804 SE Cesar E Chavez Blvd,Portland,REACH Community Development Inc.,503-230-8918,23,,,23,,,
Multnomah,Leander Court Apts,4620 SE 122nd Ave,Portland,Cascade Management Inc.,503-761-0016,37,,,,3,27,7
Multnomah,Lents Commons,9101 SE Foster,Portland,Income Property Management,503-702-9075,54,,3,36,6,9,
Multnomah,Lents Court,6102 SE 86th Ave,Portland,Cascadia Behavioral Healthcare,503-232-6971,5,5,,,,,
Multnomah,Lents Village,10325 SE Holgate Blvd,Portland,Cascade Management Inc.,503-762-0570,63,,,52,11,,
Multnomah,Lexington Apts,1125 SW 12th Ave,Portland,Harsch Investment Corp.,503-227-3367,54,,53,1,,,
Multnomah,Lexington Court,7860 SE 72nd Ave,Portland,Home Forward,503-280-3900,20,,,,12,8,
Multnomah,Lincoln Park,2409 SE 139th Ave,Portland,ColumbiaCare Services Inc.,541-858-8170,4,,,,,,
Multnomah,Lincoln Woods,2333 SE 130th Ave,Portland,Human Solutions,844-218-8956,70,,,18,8,29,15
Multnomah,Lone Pine Apts,111 NE 162nd Ave,Portland,Cascadia Behavioral Healthcare,503-674-7777,17,,,,,,
Multnomah,Los Jardines de la Paz,5530 NE 60th Ave,Portland,Cascade Management Inc.,503-335-9603,43,,,,,27,16
Multnomah,Lovejoy Station,1040 NW 10th Ave,Portland,Income Property Management,503-220-2500,181,,76,66,39,,
Multnomah,Lydia Roy Gardens,705 N Fremont St,Portland,Cascade Management Inc.,503-287-2162,18,,,7,7,4,
Multnomah,M Carter Plaza,517 NE Sacramento,Portland,Cascade Management Inc.,503-287-2162,56,,14,29,13,,
Multnomah,Macdonald West,127 NW 6th Ave,Portland,Income Property Management,503-568-6550,42,,42,,,,
Multnomah,Madrona Place,17810 E Burnside St,Portland,Home Forward,503-280-3750,45,,,3,19,23,
Multnomah,Madrona Studios,10 N Weidler St,Portland,Central City Concern,503-525-8483,176,,176,,,,
Multnomah,Maggie Gibson Plaza,1700 NE Alberta St,Portland,PCRI,503-288-2923,9,,,,5,4,
Multnomah,The Magnolia,3250 NE Martin Luther King Jr Blvd,Portland,Income Property Management,503-282-1005,50,,,41,9,,
Multnomah,Maple Mallory,3800 NE Mallory Ave,Portland,Home Forward,503.280.3750,48,,,24,24,,
Multnomah,Marion Street Apts,2020 SE Marion St,Portland,REACH Community Development Inc.,971-277-1296,24,,,16,8,,
Multnomah,Market Street Home,13541 SE Market St,Portland,Cascadia Behavioral Healthcare,503-963-7797,5,5,,,,,
Multnomah,Marla Manor,644 SE 148th Ave,Portland,Cascade Management Inc.,503-254-5826,25,,,19,6,,
Multnomah,Marshall Union Manor,2020 NW Northrup St,Portland,Manor Management,503-225-0677,243,,154,88,1,,
Multnomah,Martha Washington,1115 SW 11th Ave,Portland,Central City Concern,503-525-8483,108,,90,18,,,
Multnomah,Martin Luther King Manor,6620 NE 6th Ave,Portland,Cascadia Behavioral Healthcare,503-286-4005,16,,,15,1,,
Multnomah,Marwood Plaza,7200 SE Woodstock Blvd,Portland,PHC Northwest,503-408-6555,40,,8,32,,,
Multnomah,Marysville,7704 SE Raymond,Portland,Rose Community Development Corp.,503-777-8845,5,,,,,,
Multnomah,Maya Angelou,4012 N Borthwick,Portland,Cascade Management Inc.,503-493-1140,42,,,25,13,,4
Multnomah,Mayfield Court,17675 SE Pine St,Portland,Cascade Management Inc.,503-252-9716,30,,,26,4,,
Multnomah,McCoy Village,4310 NE Martin Luther King Jr Blvd,Portland,Cascade Management Inc.,503-280-1381,55,,,10,20,15,10
Multnomah,McCuller Crossing,236 N Killingsworth St,Portland,REACH Community Development Inc.,503-286-0265,36,,,6,26,4,
Multnomah,Medallion Apts,1969 NW Johnson St,Portland,Home Forward,503-280-3750,90,,,88,2,,
Multnomah,Medford Apts,506 NW 5th Ave,Portland,Central City Concern,503-525-8483,62,,62,,,,
Multnomah,Melissa Anne Apts,7660 E Burnside St,Portland,Richard Gustafson,503-256-1562,20,,,,12,8,
Multnomah,Mi Casa,217 NE 192nd Ave,Portland,Cascadia Behavioral Healthcare,503-232-6971,5,5,,,,,
Multnomah,Midland Commons,2830 SE 127th Ave,Portland,Cascadia Behavioral Healthcare,503-963-7767,46,,9,32,5,,
Multnomah,Minerva Plaza,6633 N Oberlin St,Portland,PHC Northwest,503-285-1070,15,,2,13,,,
Multnomah,Miracles Central Apts,1306 NE 2nd Ave,Portland,Central City Concern,503-525-8483,47,,21,22,4,,
Multnomah,Miraflores,8901 N Newell Ave,Portland,Cascade Management Inc.,503-289-4802,32,,,,12,16,4
Multnomah,Modern Rich Apts,205 NW Couch St,Portland,Income Property Management,503-705-2682,34,,33,1,,,
Multnomah,Moles Rentals,1103 NE Roselawn St,Portland,Marvin & Doreen Mole,619-462-8676,7,,,,,7,
Multnomah,The Morrison,1959 SW Morrison St,Portland,Income Property Management,503-241-6489,140,,45,74,21,,
Multnomah,Morrison Park Apts,623 SW Park Ave,Portland,Income Property Management,503-221-0466,60,,48,6,6,,
Multnomah,Multnomah Manor,9110 NE Hassalo St,Portland,Quantum Residential,503-253-6351,53,,,24,17,12,
Multnomah,Musolf Manor,216 NW 3rd Ave,Portland,Income Property Management,503-223-1547,95,,95,,,,
Multnomah,Myers Court,2600 N Williams Ave,Portland,Quad Inc.,503-287-4260,19,,19,,,,
Multnomah,Nawikka Court Apts,5110 SE 76th Ave,Portland,Cascadia Behavioral Healthcare,503-774-4335,16,,,15,1,,
Multnomah,NAYA Generations,5205 SE 86th Ave,Portland,Guardian Real Estate Services,503-802-3600,40,,,22,8,4,6
Multnomah,Nelson Court,7622 N Gloucester,Portland,Income Property Management,503-247-7222,7,,,2,5,,
Multnomah,New Columbia,4605 N Trenton St,Portland,Income Property Management,503-943-5600,539,,,97,192,132,118
Multnomah,New Meadows,8710 N Dana Ave,Portland,Bridge Meadows,503-953-1100,15,,10,5,,,
Multnomah,North Oswego House,10036 N Oswego Ave,Portland,NARA NW,503-224-1044,5,5,,,,,
Multnomah,Northwest Tower,335 NW 19th Ave,Portland,Home Forward,503-280-3880,174,,63,81,27,3,
Multnomah,Orchard of 82nd,8118 SE Division St,Portland,Rose Community Development Corp.,503-777-8845,48,,,,,,
Multnomah,Otesha Place,1484 NE Alberta St,Portland,Sabin Community Development Corp.,503-287-3496,11,,,,11,,
Multnomah,Outside In,1132 SW 13th Ave,Portland,Outside In,503-535-3800,10,10,,,,,
Multnomah,Pacific Tower Apts,333 NW 4th Ave,Portland,Pinnacle Realty Management,503-224-9393,156,,34,111,11,,
Multnomah,Park 132 Apartments,13130 SE Powell Blvd,Portland,PHC Northwest,503-760-7359,19,,,,19,,
Multnomah,Park Terrace,315 N Alberta St,Portland,Cascade Management Inc.,503-282-6111,88,,,88,,,
Multnomah,Park Tower Apts,731 SW Salmon St,Portland,Harsch Investment Corp.,503-227-3367,162,,140,22,,,
Multnomah,Park Vista,10918 SE Stark St,Portland,Human Solutions,844-277-5320,59,,7,17,8,17,10
Multnomah,Patton Home,4619 N Michigan Ave,Portland,Income Property Management,503-281-1844,63,63,,,,,
Multnomah,Patton Park Apts,5272 N Interstate Ave,Portland,REACH Community Development Inc.,971-255-4444,47,,2,31,3,11,
Multnomah,PCRI Scattered Site Project,37 NE 127th Ave,Portland,PCRI,503-288-2923,11,,,,,11,
Multnomah,Peaceful Villa,2835 SE 47th Ave,Portland,Home Forward,503-280-3750,69,,8,53,8,,
Multnomah,Pearl Court Apts,920 NW Kearney St,Portland,Income Property Management,503-222-1999,199,,112,59,28,,
Multnomah,Peter Paulson Apts,1530 SW 13th Ave,Portland,Cascade Management Inc.,503-294-2091,93,92,,1,,,
Multnomah,Peyton Plaza,12713 SE Powell Blvd,Portland,ColumbiaCare Services Inc.,541-858-8170,22,,,8,14,,
Multnomah,Pier Park Apts,8734 N Columbia Blvd,Portland,Steadfast Management,503-283-7747,164,,,44,88,32,
Multnomah,Pine Point Apts,12025 SE Pine St,Portland,Cascade Management Inc.,971-270-6949,24,,10,12,2,,
Multnomah,The Pines,140 SE 188th Ave,Portland,Human Solutions,503-666-5310,66,,,4,50,12,
Multnomah,Pioneer Abodes,220 SE 106th Ave,Portland,PHC Northwest,503-261-1266,10,,,6,4,,
Multnomah,Plaza de Cedro,10801 NE Fremont St,Portland,Cascade Management Inc.,503-335-9603,6,,,,,4,2
Multnomah,Plaza Townhomes,5802 N Michigan Ave,Portland,Home Forward,503-280-3860,68,,,,34,34,
Multnomah,Powell Blvd. Apts,2105 SE Powell Blvd,Portland,REACH Community Development Inc.,503-231-3055,19,,3,14,2,,
Multnomah,Powell Court Villa,12540 SE Powell Ct,Portland,Affinity Property Management,503-761-6068,68,,,,46,22,
Multnomah,Powell Plaza,13320 SE Powell Blvd,Portland,Heartland Realty,503-761-7650,67,,24,43,,,
Multnomah,Powellhurst Woods,11200 SE Holgate Blvd,Portland,Home Forward,503-280-3750,34,,,,23,11,
Multnomah,Prescott Place,5802 NE Prescott St,Portland,REACH Community Development Inc.,503-288-4487,20,,,20,,,
Multnomah,Prescott Terrace,5725 NE Prescott St,Portland,Cascadia Behavioral Healthcare,503-232-6971,50,,,,,,
Multnomah,Providence House,5921 E Burnside,Portland,Providence Supportive Housing,503-215-2234,39,,,,,,
Multnomah,Queahpama Heights,6244 N Columbia Way,Portland,Low Income Housing for Native Americans,503-247-7222,32,,,14,18,,
Multnomah,Ramona Apts,1550 NW 14th Ave,Portland,Pinnacle Realty Management,503-688-6008,139,,,9,60,70,
Multnomah,Reedway Place,8940 SE Reedway St,Portland,Rose Community Development Corp.,503-777-8845,24,,,,,,
Multnomah,Rex Arms,1230 SE Morrison St,Portland,REACH Community Development Inc.,503-238-2915,62,,21,41,,,
Multnomah,Richard L. Harris Building,8 NW 8th Ave,Portland,Central City Concern,503-525-8483,180,,180,,,,
Multnomah,Richmond Place,4147 SE Division St,Portland,Impact Northwest,503-988-6000,20,20,,,,,
Multnomah,Ridgecrest Timbers Apts,8870 N Columbia Blvd,Portland,GSL Properties,503-286-0102,97,,,21,51,25,
Multnomah,Ritzdorf Court,1225 SE Belmont St,Portland,REACH Community Development Inc.,503-233-8985,85,,82,3,,,
Multnomah,Rockwood Building,124 NE 181st Ave,Portland,Human Solutions,844-230-1495,47,,16,16,15,,
Multnomah,Rockwood Landing,19045 SE Yamhill,Portland,Home Forward,503-661-3327,37,,,,12,17,8
Multnomah,Rose City Condos,scattered sites,Portland,ColumbiaCare Services Inc.,541-858-8170,4,,,,,,
Multnomah,Rose Schnitzer Tower,1430 SW 12th Ave,Portland,Harsch Investment Properties,503-222-7467,233,,,,,,
Multnomah,Rosewood Plaza,18173 NE Couch St,Portland,Human Solutions,844-232-1495,45,,,,,,
Multnomah,Roselyn Apts,424 NW 21st Ave,Portland,Cascade Management Inc.,503-288-4220,31,,30,1,,,
Multnomah,Rosemont Court,597 North Dekum St,Portland,Income Property Management,503-240-8087,100,,8,88,4,,
Multnomah,Rosemont Townhomes,621 N Saratoga St,Portland,Income Property Management,503-240-8087,18,,,,4,12,2
Multnomah,Rosenbaum Plaza,1218 SW Washington St,Portland,Quantum Residential,503-228-5355,76,76,,,,,
Multnomah,Royal Palm,310 NW Flanders St,Portland,Cascadia Behavioral Healthcare,503-827-3949,30,30,,,,,
Multnomah,Ruth Haefner Plaza,6005 SW Beaverton-Hillsdale Hwy,Portland,Home Forward,503-280-3750,73,,,73,,,
Multnomah,Sacred Heart Villa,3911 SE Milwaukie Ave,Portland,Cascade Management Inc.,503-232-1466,68,,6,45,17,,
Multnomah,Safehaven Shelter,4610 N Maryland Ave,Portland,YWCA of Greater Portland,503-535-3270,13,10,,,3,,
Multnomah,Sally McCracken,532 NW Everett St,Portland,Central City Concern,503-525-8483,95,95,,,,,
Multnomah,Sandy Apts,11401 NE Sandy Blvd,Portland,Luke-Dorf Inc.,503-726-3690,14,,,,,,
Multnomah,Schiller Way,9326 SE Schiller St,Portland,Quantum Residential,503-760-3005,24,,,,12,8,4
Multnomah,Schrunk Riverview Tower,8832 N Syracuse St,Portland,Home Forward,503-280-3750,118,,,118,,,
Multnomah,Scott Crest Plaza Apts,13223 SE Powell Blvd,Portland,PHC Northwest,503-760-7359,42,,,4,32,6,
Multnomah,Second Wind Apts,7927 SW 31st Ave,Portland,Harold Buell,503-222-4122,20,,,12,6,2,
Multnomah,Sellwood Center,1724 SE Tenino St,Portland,Home Forward,503-280-3940,110,,106,4,,,
Multnomah,Sequoia Square Apts,247 SE 160th Ave,Portland,Cascade Management Inc.,503-408-8886,62,,10,,38,10,4
Multnomah,Shaver Green,375 NE Shaver St,Portland,Pinnacle Realty Management,503-282-2769,85,,,59,25,1,
Multnomah,Shoreline Building,123 W Burnside St,Portland,Central City Concern,503-525-8483,62,,62,,,,
Multnomah,Silvercrest Residence,1865 NE Davis St,Portland,Quantum Residential,503-236-2320,76,,,75,1,,
Multnomah,Sitka Apts,1115 NW Northrup St,Portland,Pinnacle Realty Management,503-306-3400,209,,60,102,47,,
Multnomah,Slavin Court,4702 SW Slavin Rd,Portland,Home Forward,503-280-3750,24,,,,18,6,
Multnomah,The Snowberry,117 SE 151st Ave,Portland,PHC Northwest,503-261-1266,27,,,13,14,,
Multnomah,Springtree Apts,650 SE 162nd Ave,Portland,Pacificap Management,503-253-1476,72,,,20,52,,
Multnomah,Springwater Commons,6430 SE 128th Ave,Portland,Guardian Real Estate Services,503-762-4688,36,,,,,13,23
Multnomah,St Anthony's Village,3560 SE 79th Ave,Portland,St Anthony Management,503-775-4414,126,,96,23,7,,
Multnomah,St Francis Apts,1024 SW Main St,Portland,Cascade Management Inc.,503-223-2161,132,,106,16,10,,
Multnomah,St Francis Park,1177 SE Stark,Portland,Cascade Management Inc.,503-704-2360,106,,77,28,1,,
Multnomah,St Francis Place,4941 NE 10th Ave,Portland,PCRI,503-288-2923,3,,,3,,,
Multnomah,St James Apts,1320 SW 10th Ave,Portland,GSL Properties,503-226-4778,109,,41,46,22,,
Multnomah,St Johns Apts,8803 N Lombard St,Portland,Income Property Management,503-223-6327,38,,,18,12,8,
Multnomah,St Johns Woods,8652 N Swift Way,Portland,EPI Property Management,503-286-8652,124,,,26,52,46,
Multnomah,Stadium Station,737 SW 17th Ave,Portland,EPMI,503-916-4818,114,,54,56,4,,
Multnomah,Stark Street Villa,450 SE 127th Ave,Portland,Cascade Management Inc.,503-256-6275,60,,,36,24,,
Multnomah,Station Place Tower,1020 NW 9th Ave,Portland,REACH Community Development Inc.,503-546-4646,176,,36,125,15,,
Multnomah,Station 162,304 SE 162nd Ave,Portland,Quad Inc.,503-287-4260,43,,,41,2,,
Multnomah,Stephens Creek Crossing,6719 SW 26th Ave,Portland,Home Forward,503-280-3830,124,,,19,21,79,5
Multnomah,Summer Run Apts,7810 SE Foster Rd,Portland,Manor Management,503-774-8885,50,,14,36,,,
Multnomah,Sunrise Place,5724 NE Prescott St,Portland,Central City Concern,503-525-8483,10,,,9,1,,
Multnomah,Taggart Manor,8066 SE Taggart St,Portland,Central City Concern,503-525-8483,24,,,24,,,
Multnomah,Tamarack Apts,4111 N Alaska St,Portland,Home Forward,503-280-3750,118,,,48,60,10,
Multnomah,Taylor Street Apts,1330 SE Taylor St,Portland,REACH Community Development Inc.,503-760-0907,10,,,4,6,,
Multnomah,Tea Link,8028 SE 7th Ave,Portland,Dungarvin Oregon LLC,,6,6,,,,,
Multnomah,Tenino Terrace,2405 SE Umatilla St,Portland,Heartland Realty,503-234-6785,94,,,23,71,,
Multnomah,Tillicum Court Apts,5135 SE 73rd Ave,Portland,Cascadia Behavioral Healthcare,"503-238-0769,",16,,3,12,1,,
Multnomah,Tistalal Village,7622 N Gloucester St,Portland,Income Property Management,503-247-7222,34,,,,34,,
Multnomah,Townhouse Terrace,3001 SE 136th Ave,Portland,Home Forward,503-280-3750,32,,,,20,12,
Multnomah,Trenton Terrace,4720 N Trenton St,Portland,Income Property Management,503-283-0966,66,,,65,1,,
Multnomah,Tryon Mews,8453 SW 30th Ave,Portland,Cascadia Behavioral Healthcare,503-238-0769,20,,,19,1,,
Multnomah,Turning Point,6552 SW 19th Ave,Portland,Neighborhood House Portland,503-246-1663,24,,,24,,,
Multnomah,Unthank Plaza Apts,2500 N Williams Ave,Portland,Quantum Residential,503-287-1258,80,,,80,,,
Multnomah,Upshur House,2650 NW Upshur St,Portland,Cascade Management Inc.,503-226-3485,30,,,8,12,10,
Multnomah,Uptown Tower,712 SW St Clair Ave,Portland,Guardian Real Estate Services,503-248-9645,71,,,71,,,
Multnomah,Vermont Springs,1825 SW Vermont St,Portland,Cascadia Behavioral Healthcare,503-232-6971,14,,,14,,,
Multnomah,Victorian Apts,2255 W Burnside St,Portland,Guardian Real Estate Services,503-294-0960,62,,40,22,,,
Multnomah,Villa de Clara Vista,6706 NE Killingsworth St,Portland,Cascade Management Inc.,503-284-3985,133,,,50,72,8,3
Multnomah,Villa de Rosas,6939 NE Killingsworth St,Portland,Cascade Management Inc.,503-284-3985,26,,,10,16,,
Multnomah,Villa de Suenos,6444 NE Killingsworth St,Portland,Cascade Management Inc.,503-284-3985,28,,,,,14,14
Multnomah,Villa de Mariposa,5020 NE Killingsworth St,Portland,Cascade Management Inc.,503-493-1315,71,,,,9,35,27
Multnomah,Village at Lovejoy Fountain,245 SW Lincoln St,Portland,VLF Properties,503-223-5314,198,,45,109,44,,
Multnomah,Village at the Headwaters,3131 SW Marigold St,Portland,Cascade Management Inc.,503-244-1544,56,,,35,21,,
Multnomah,Village Gardens,15230 NE Sandy Blvd,Portland,Bowen Property Management,503-253-2273,59,,6,18,31,4,
Multnomah,Walnut Park Apts,5272 NE 6th Ave,Portland,REACH Community Development Inc.,503-282-7449,38,,,38,,,
Multnomah,The Watershed,6388 SW Capitol Hwy,Portland,Income Property Management,503-452-0010,51,,,48,3,,
Multnomah,Weidler Commons,1529 NE 21st Ave,Portland,Cascade Management Inc.,503-281-9298,51,,3,47,1,,
Multnomah,West Gresham Apts,6939 NE Killingsworth St,Portland,Cascadia Behavioral Healthcare,503-238-0769,27,,,24,3,,
Multnomah,Westmoreland Union Manor,6404 SE 23rd Ave,Portland,Manor Management,503-233-5671,301,,210,90,1,,
Multnomah,WestShore Apts,222 SW Pine St,Portland,REACH Community Development Inc.,503-827-7918,113,,105,8,,,
Multnomah,Williams Plaza,2041 NW Everett St,Portland,Home Forward,503-280-3750,101,,67,34,,,
Multnomah,The Wilshire,420 SE Grand Ave,Portland,REACH Community Development Inc.,503-235-2941,42,,,42,,,
Multnomah,Winchell Court,7850 N Interstate Ave,Portland,Home Forward,503-280-3750,10,,,8,2,,
Multnomah,Woodmere Commons,8002 SE Duke St,Portland,Rose Community Development Corp.,503-777-8845,4,,,,,,
Multnomah,Woodstock Court,6428 SE 97th Ave,Portland,Cascadia Behavioral Healthcare,503-232-6971,9,,8,1,,,
Multnomah,Woody Guthrie,5808 SE 91st,Portland,Rose Community Development Corp.,503-777-8845,64,,,,,,
Multnomah,Wygant Street Apts,4808 NE 8th Ave,Portland,PCRI,503-288-2923,7,,,,7,,
Multnomah,The Yards,945 NW Naito Parkway,Portland,Income Property Management,971-255-1654,129,,129,,,,
Multnomah,Cherry Ridge Apts,2295 SW Sturges Ln,Troutdale,GSL Properties,503-618-0186,160,,,80,80,,
Multnomah,Hewitt Townhouses,846 SW 29th Wy,Troutdale,Income Property Management,503-667-9902,44,,,1,,43,
Multnomah,Troutdale Terrace Apts,639 SW 257th Ave,Troutdale,Quantum Residential,503-618-1876,228,,,24,152,52,
Multnomah,Oleson Woods Apts,9140 SW 91st Ave,Tigard,Income Property Management,503-245-6990,32,,,4,,21,7